Type;ID Discussion;Nb Segments;Similitude Moyenne
INTRA (Réf);audio-1773407004.29901;10;0.268
INTER;audio-1773404182.28921;10;0.8419
INTER;audio-1773405378.29369;13;0.8
INTER;audio-1773403721.28842;20;0.7951
INTER;audio-1773404602.29250;27;0.7772
INTER;audio-1773406044.29570;19;0.7744
INTER;audio-1773406501.29799;8;0.7489
INTER;audio-1773403414.28767;24;0.6971
INTER;audio-1773400315.27371;5;0.6889
INTER;audio-1773401109.27876;8;0.6667
INTER;audio-1773404349.29066;11;0.6333
INTER;audio-1775032532.42069;15;0.6182
INTER;audio-1775032917.42139;21;0.6164
INTER;audio-1775026708.40952;9;0.6114
INTER;audio-1773406527.29803;15;0.607
INTER;audio-1773403450.28778;10;0.6044
INTER;audio-1773401440.28104;17;0.5743
INTER;audio-1773401927.28348;11;0.5715
INTER;audio-1775033408.42185;7;0.5653
INTER;audio-1775026399.40938;6;0.5619
INTER;audio-1773398880.26995;13;0.5576
INTER;audio-1773400919.27578;5;0.5515
INTER;audio-1773400658.27514;10;0.5477
INTER;audio-1773403821.28852;16;0.5374
INTER;audio-1773406234.29636;10;0.5336
INTER;audio-1775030662.31651;12;0.5335
INTER;audio-1773404504.29223;7;0.5281
INTER;audio-1775028716.41313;3;0.515
INTER;audio-1773405457.29373;7;0.4885
INTER;audio-1773399390.27077;9;0.4853
INTER;audio-1775031713.41765;14;0.4846
INTER;audio-1773401499.21513;3;0.4804
INTER;audio-1773400084.20925;9;0.476
INTER;audio-1775032164.41898;5;0.4714
INTER;audio-1775030856.31673;3;0.4697
INTER;audio-1773398245.26823;4;0.4649
INTER;audio-1773398359.26843;3;0.458
INTER;audio-1775025893.40608;4;0.4579
INTER;audio-1775033905.42249;4;0.4564
INTER;audio-1773403591.28782;11;0.4539
INTER;audio-1773403074.28717;6;0.438
INTER;audio-1775033540.32214;14;0.4363
INTER;audio-1773405810.29550;4;0.4352
INTER;audio-1775031996.31819;5;0.4277
INTER;audio-1773398331.26839;14;0.4209
INTER;audio-1775032192.32020;4;0.4201
INTER;audio-1773405031.29314;9;0.4198
INTER;audio-1775026649.40948;6;0.4068
INTER;audio-1773405730.29546;4;0.4022
INTER;audio-1775026276.40906;3;0.3906
INTER;audio-1773398136.26807;5;0.3898
INTER;audio-1775028942.41407;6;0.3893
INTER;audio-1775030418.41623;3;0.3873
INTER;audio-1775032737.32140;8;0.3563
INTER;audio-1773407328.29939;12;0.3505
INTER;audio-1773403298.28728;15;0.3488
INTER;audio-1773400104.27333;9;0.3452
INTER;audio-1775031826.41778;31;0.3446
INTER;audio-1773404163.28913;7;0.3431
INTER;audio-1773402731.28558;6;0.3416
INTER;audio-1775031968.41843;8;0.3391
INTER;audio-1773407028.22763;14;0.3354
INTER;audio-1773402913.28607;19;0.3343
INTER;audio-1773398901.26999;30;0.3307
INTER;audio-1775031458.41751;6;0.3159
INTER;audio-1775032606.32130;2;0.288
INTER;audio-1773407172.29929;3;0.2708
INTER;audio-1773402323.28388;4;0.2698
INTER;audio-1773397929.26766;2;0.2665
INTER;audio-1773402260.28378;21;0.2554
